feature,importance
Hba1C Level,0.3840622843135654
Blood Glucose Level,0.2774118148891782
Age,0.16872778156539436
Bmi,0.09451593155822187
Hypertension,0.029393520467561732
Heart Disease,0.016305154857867248
Smoking History No Info,0.01139218116149644
Smoking History Former,0.005495146794511237
Gender Male,0.0030027619307772765
Gender Female,0.002552784119246698
Smoking History Never,0.0024465852924988297
Smoking History Current,0.0017260865378632504
Smoking History Not Current,0.0017083468594742829
Smoking History Ever,0.0012581003693185374
Gender Other,1.5192830246763163e-06
